Player,Team,URL
Terrance Arceneaux,Houston,https://a.espncdn.com/combiner/i?img=/i/headshots/mens-college-basketball/players/full/5106059.png&w=350&h=254
Darius Bowser,Houston,https://a.espncdn.com/combiner/i?img=/i/headshots/mens-college-basketball/players/full/4397413.png&w=350&h=254
Reggie Chaney,Houston,https://a.espncdn.com/combiner/i?img=/i/headshots/mens-college-basketball/players/full/4395708.png&w=350&h=254
Ryan Elvin,Houston,https://a.espncdn.com/combiner/i?img=/i/headshots/mens-college-basketball/players/full/4701204.png&w=350&h=254
Ja'Vier Francis,Houston,https://a.espncdn.com/combiner/i?img=/i/headshots/mens-college-basketball/players/full/4684301.png&w=350&h=254
Tramon Mark,Houston,https://a.espncdn.com/combiner/i?img=/i/headshots/mens-college-basketball/players/full/4432243.png&w=350&h=254
J'Wan Roberts,Houston,https://a.espncdn.com/combiner/i?img=/i/headshots/mens-college-basketball/players/full/4433068.png&w=350&h=254
Marcus Sasser,Houston,https://a.espncdn.com/combiner/i?img=/i/headshots/mens-college-basketball/players/full/4432107.png&w=350&h=254
Emanuel Sharp,Houston,https://a.espncdn.com/combiner/i?img=/i/headshots/mens-college-basketball/players/full/5106058.png&w=350&h=254
Jamal Shead,Houston,https://a.espncdn.com/combiner/i?img=/i/headshots/mens-college-basketball/players/full/4432241.png&w=350&h=254
Jarace Walker,Houston,https://a.espncdn.com/combiner/i?img=/i/headshots/mens-college-basketball/players/full/5106060.png&w=350&h=254
Ramon Walker Jr.,Houston,https://a.espncdn.com/combiner/i?img=/i/headshots/mens-college-basketball/players/full/4708176.png&w=350&h=254
Mylik Wilson,Houston,https://a.espncdn.com/combiner/i?img=/i/headshots/mens-college-basketball/players/full/4432902.png&w=350&h=254
Nahiem Alleyne,UCONN,https://a.espncdn.com/combiner/i?img=/i/headshots/mens-college-basketball/players/full/4432934.png&w=350&h=254
Joey Calcaterra,UCONN,https://a.espncdn.com/combiner/i?img=/i/headshots/mens-college-basketball/players/full/4280214.png&w=350&h=254
Donovan Clingan,UCONN,
Hassan Diarra,UCONN,https://a.espncdn.com/combiner/i?img=/i/headshots/mens-college-basketball/players/full/4433160.png&w=350&h=254
Yarin Hasson,UCONN,
Jordan Hawkins,UCONN,https://a.espncdn.com/combiner/i?img=/i/headshots/mens-college-basketball/players/full/4683750.png&w=350&h=254
Emmett Hendry,UCONN,https://a.espncdn.com/combiner/i?img=/i/headshots/mens-college-basketball/players/full/5105568.png&h=80&w=110&scale=crop
Andrew Hurley,UCONN,https://a.espncdn.com/combiner/i?img=/i/headshots/mens-college-basketball/players/full/4702022.png&w=350&h=254
Andre Jackson Jr.,UCONN,https://a.espncdn.com/combiner/i?img=/i/headshots/mens-college-basketball/players/full/4432190.png&w=350&h=254
Samson Johnson,UCONN,https://a.espncdn.com/combiner/i?img=/i/headshots/mens-college-basketball/players/full/4683752.png&w=350&h=254
Andre Johnson Jr.,UCONN,https://a.espncdn.com/combiner/i?img=/i/headshots/mens-college-basketball/players/full/5105567.png&w=350&h=254
Alex Karaban,UCONN,
Tristen Newton,UCONN,https://a.espncdn.com/combiner/i?img=/i/headshots/mens-college-basketball/players/full/4592965.png&w=350&h=254
Apostolos Roumoglou,UCONN,https://a.espncdn.com/combiner/i?img=/i/headshots/mens-college-basketball/players/full/5105566.png&w=350&h=254
Adama Sanogo,UCONN,https://a.espncdn.com/combiner/i?img=/i/headshots/mens-college-basketball/players/full/4702023.png&w=350&h=254
Richie Springs,UCONN,https://a.espncdn.com/combiner/i?img=/i/headshots/mens-college-basketball/players/full/4592905.png&w=350&h=254
Charles Bediako,Alabama,https://a.espncdn.com/combiner/i?img=/i/headshots/mens-college-basketball/players/full/4565203.png&w=350&h=254
Jaden Bradley,Alabama,https://a.espncdn.com/combiner/i?img=/i/headshots/mens-college-basketball/players/full/4432737.png&w=350&h=254
Nimari Burnett,Alabama,https://a.espncdn.com/combiner/i?img=/i/headshots/mens-college-basketball/players/full/4708027.png&w=350&h=254
Noah Clowney,Alabama,https://a.espncdn.com/combiner/i?img=/i/headshots/mens-college-basketball/players/full/4712896.png&w=350&h=254
Adam Cottrell,Alabama,https://a.espncdn.com/combiner/i?img=/i/headshots/mens-college-basketball/players/full/4598102.png&w=350&h=254
Rylan Griffen,Alabama,https://a.espncdn.com/combiner/i?img=/i/headshots/mens-college-basketball/players/full/4683682.png&w=350&h=254
Noah Gurley,Alabama,https://a.espncdn.com/combiner/i?img=/i/headshots/mens-college-basketball/players/full/4280015.png&w=350&h=254
Delaney Heard,Alabama,https://a.espncdn.com/combiner/i?img=/i/headshots/mens-college-basketball/players/full/4702175.png&w=350&h=254
Darius Miles,Alabama,https://a.espncdn.com/combiner/i?img=/i/headshots/mens-college-basketball/players/full/4433561.png&w=350&h=254
Brandon Miller,Alabama,https://a.espncdn.com/combiner/i?img=/i/headshots/mens-college-basketball/players/full/4433287.png&w=350&h=254
Nick Pringle,Alabama,https://a.espncdn.com/combiner/i?img=/i/headshots/mens-college-basketball/players/full/4703887.png&w=350&h=254
Jaden Quinerly,Alabama,https://a.espncdn.com/combiner/i?img=/i/headshots/mens-college-basketball/players/full/4702179.png&w=350&h=254
Jahvon Quinerly,Alabama,https://a.espncdn.com/combiner/i?img=/i/headshots/mens-college-basketball/players/full/4397132.png&w=350&h=254
Max Scharnowski,Alabama,https://a.espncdn.com/combiner/i?img=/i/headshots/mens-college-basketball/players/full/5105513.png&w=350&h=254
Mark Sears,Alabama,https://a.espncdn.com/combiner/i?img=/i/headshots/mens-college-basketball/players/full/4703530.png&w=350&h=254
Kai Spears,Alabama,https://a.espncdn.com/combiner/i?img=/i/headshots/mens-college-basketball/players/full/5105514.png&w=350&h=254
Dominick Welch,Alabama,https://a.espncdn.com/combiner/i?img=/i/headshots/mens-college-basketball/players/full/4397221.png&w=350&h=254
Jaden Akins,Michigan State,https://a.espncdn.com/combiner/i?img=/i/headshots/mens-college-basketball/players/full/4683730.png&w=350&h=254
Pierre Brooks,Michigan State,https://a.espncdn.com/combiner/i?img=/i/headshots/mens-college-basketball/players/full/4683731.png&w=350&h=254
Carson Cooper,Michigan State,https://a.espncdn.com/combiner/i?img=/i/headshots/mens-college-basketball/players/full/5105817.png&w=350&h=254
Malik Hall,Michigan State,https://a.espncdn.com/combiner/i?img=/i/headshots/mens-college-basketball/players/full/4592693.png&w=350&h=254
Joey Hauser,Michigan State,https://a.espncdn.com/combiner/i?img=/i/headshots/mens-college-basketball/players/full/4295180.png&w=350&h=254
AJ Hoggard,Michigan State,https://a.espncdn.com/combiner/i?img=/i/headshots/mens-college-basketball/players/full/4432206.png&w=350&h=254
Tre Holloman,Michigan State,https://a.espncdn.com/combiner/i?img=/i/headshots/mens-college-basketball/players/full/5105816.png&w=350&h=254
Steven Izzo,Michigan State,https://a.espncdn.com/combiner/i?img=/i/headshots/mens-college-basketball/players/full/4592692.png&w=350&h=254
Jaxon Kohler,Michigan State,https://a.espncdn.com/combiner/i?img=/i/headshots/mens-college-basketball/players/full/5105815.png&w=350&h=254
Nick Sanders,Michigan State,https://a.espncdn.com/combiner/i?img=/i/headshots/mens-college-basketball/players/full/5105818.png&w=350&h=254
Mady Sissoko,Michigan State,https://a.espncdn.com/combiner/i?img=/i/headshots/mens-college-basketball/players/full/4433154.png&w=350&h=254
Davis Smith,Michigan State,https://a.espncdn.com/combiner/i?img=/i/headshots/mens-college-basketball/players/full/4702244.png&w=350&h=254
Tyson Walker,Michigan State,https://a.espncdn.com/combiner/i?img=/i/headshots/mens-college-basketball/players/full/4432129.png&w=350&h=254
Jason Whitens,Michigan State,https://a.espncdn.com/combiner/i?img=/i/headshots/mens-college-basketball/players/full/4279457.png&w=350&h=254
TJ Bamba,Washington State,https://a.espncdn.com/combiner/i?img=/i/headshots/mens-college-basketball/players/full/4596365.png&w=350&h=254
Dylan Darling,Washington State,https://a.espncdn.com/combiner/i?img=/i/headshots/mens-college-basketball/players/full/5105658.png&w=350&h=254
Adrame Diongue,Washington State,https://a.espncdn.com/combiner/i?img=/i/headshots/mens-college-basketball/players/full/5105656.png&w=350&h=254
Mouhamed Gueye,Washington State,https://a.espncdn.com/combiner/i?img=/i/headshots/mens-college-basketball/players/full/4712863.png&w=350&h=254
Mael Hamon-Crespin,Washington State,https://a.espncdn.com/combiner/i?img=/i/headshots/mens-college-basketball/players/full/5105654.png&w=350&h=254
Kymany Houinsou,Washington State,https://a.espncdn.com/combiner/i?img=/i/headshots/mens-college-basketball/players/full/5105659.png&w=350&h=254
Dishon Jackson,Washington State,https://a.espncdn.com/combiner/i?img=/i/headshots/mens-college-basketball/players/full/4432926.png&w=350&h=254
Andrej Jakimovski,Washington State,https://a.espncdn.com/combiner/i?img=/i/headshots/mens-college-basketball/players/full/4702466.png&w=350&h=254
Braden Korpela,Washington State,https://a.espncdn.com/combiner/i?img=/i/headshots/mens-college-basketball/players/full/5105655.png&w=350&h=254
Shae Korpela,Washington State,https://a.espncdn.com/combiner/i?img=/i/headshots/mens-college-basketball/players/full/5105653.png&w=350&h=254
Jabe Mullins,Washington State,https://a.espncdn.com/combiner/i?img=/i/headshots/mens-college-basketball/players/full/4701181.png&w=350&h=254
Ben Olesen,Washington State,https://a.espncdn.com/combiner/i?img=/i/headshots/mens-college-basketball/players/full/4592673.png&w=350&h=254
Justin Powell,Washington State,https://a.espncdn.com/combiner/i?img=/i/headshots/mens-college-basketball/players/full/4432250.png&w=350&h=254
Myles Rice,Washington State,https://a.espncdn.com/combiner/i?img=/i/headshots/mens-college-basketball/players/full/4709133.png&w=350&h=254
DJ Rodman,Washington State,https://a.espncdn.com/combiner/i?img=/i/headshots/mens-college-basketball/players/full/4432103.png&w=350&h=254
AJ Rohosy,Washington State,https://a.espncdn.com/combiner/i?img=/i/headshots/mens-college-basketball/players/full/5105657.png&w=350&h=254
Carlos Rosario,Washington State,https://a.espncdn.com/combiner/i?img=/i/headshots/mens-college-basketball/players/full/4702465.png&w=350&h=254
Dylan Andrews,UCLA,https://a.espncdn.com/combiner/i?img=/i/headshots/mens-college-basketball/players/full/5105636.png&w=350&h=254
Amari Bailey,UCLA,https://a.espncdn.com/combiner/i?img=/i/headshots/mens-college-basketball/players/full/5105638.png&w=350&h=254
Adem Bona,UCLA,https://a.espncdn.com/combiner/i?img=/i/headshots/mens-college-basketball/players/full/5105637.png&w=350&h=254
Tyger Campbell,UCLA,https://a.espncdn.com/combiner/i?img=/i/headshots/mens-college-basketball/players/full/4397128.png&w=350&h=254
Abramo Canka,UCLA,https://a.espncdn.com/combiner/i?img=/i/headshots/mens-college-basketball/players/full/5105635.png&w=350&h=254
Jaylen Clark,UCLA,https://a.espncdn.com/combiner/i?img=/i/headshots/mens-college-basketball/players/full/4432247.png&w=350&h=254
Logan Cremonesi,UCLA,https://a.espncdn.com/combiner/i?img=/i/headshots/mens-college-basketball/players/full/4702456.png&w=350&h=254
Mac Etienne,UCLA,https://a.espncdn.com/combiner/i?img=/i/headshots/mens-college-basketball/players/full/4711692.png&w=350&h=254
Jaime Jaquez,UCLA,https://a.espncdn.com/combiner/i?img=/i/headshots/mens-college-basketball/players/full/4432848.png&w=350&h=254
Evan Manjikian,UCLA,https://a.espncdn.com/combiner/i?img=/i/headshots/mens-college-basketball/players/full/5105639.png&w=350&h=254
Will McClendon,UCLA,https://a.espncdn.com/combiner/i?img=/i/headshots/mens-college-basketball/players/full/4433275.png&w=350&h=254
Kenneth Nwuba,UCLA,https://a.espncdn.com/combiner/i?img=/i/headshots/mens-college-basketball/players/full/4397129.png&w=350&h=254
Jack Seidler,UCLA,https://a.espncdn.com/combiner/i?img=/i/headshots/mens-college-basketball/players/full/5105640.png&w=350&h=254
David Singleton,UCLA,https://a.espncdn.com/combiner/i?img=/i/headshots/mens-college-basketball/players/full/4397131.png&w=350&h=254
Russell Stong,UCLA,https://a.espncdn.com/combiner/i?img=/i/headshots/mens-college-basketball/players/full/4405598.png&w=350&h=254
